{
  "mae": 3092.731974642423,
  "rmse": 3791.9913989213696,
  "mape": 2.2327348336940207,
  "r2": 0.8874641215338648,
  "direction_accuracy": 38.83495145631068,
  "baseline_mae": 1985.8730092064022,
  "baseline_rmse": 3024.10370061663
}